,id,booklet,titlepage
0,060f1-70830,BOOKLETA,3
1,060f1-70993,BOOKLETA,3
2,060f1-71293,BOOKLETA,3
3,060f1-6799,BOOKLETA,3
4,060f1-72166,BOOKLETA,3
5,060f1-70773,BOOKLETA,3
6,060f1-70772,BOOKLETA,3
7,060f1-71225,BOOKLETA,3
8,060f1-70500,BOOKLETA,3
9,060f1-73380,BOOKLETA,3
10,060f1-69656,BOOKLETA,3
11,060f1-67290,BOOKLETA,3
12,060f1-67289,BOOKLETA,3
13,060f1-70647,BOOKLETA,3
14,060f1-RD-SG-4711,BOOKLETA,3
15,060f1-9138,BOOKLETA,3
16,060f1-1175,BOOKLETA,3
17,060f1-72597,BOOKLETA,3
18,c8959-9126-3126,BOOKLETB,3
19,c8959-1596,BOOKLETB,3
20,c8959-7184,BOOKLETB,3
21,c8959-1650,BOOKLETB,3
22,c8959-1927,BOOKLETB,3
23,c8959-5758,BOOKLETB,3
24,c8959-1305,BOOKLETB,3
25,c8959-9836,BOOKLETB,3
26,c8959-0355,BOOKLETB,3
27,c8959-0547,BOOKLETB,3
28,c8959-7799,BOOKLETB,3
29,c8959-1944,BOOKLETB,3
30,c8959-1945,BOOKLETB,3
31,c8959-9099,BOOKLETB,3
32,1a0c5-1581,BOOKLETB,3
33,1a0c5-2841,BOOKLETB,3
34,1a0c5-1426,BOOKLETB,3
35,1a0c5-1792,BOOKLETB,3
36,1a0c5-1246,BOOKLETB,3
37,1a0c5-2558,BOOKLETB,3
38,1a0c5-1495,BOOKLETB,3
39,1a0c5-2761,BOOKLETB,3
40,1a0c5-9812,BOOKLETB,3
41,1a0c5-9569,BOOKLETB,3
42,1a0c5-1101,BOOKLETB,3
43,1a0c5-2441,BOOKLETB,3
44,1a0c5-8225,BOOKLETB,3
45,4d7be-75197,BOOKLETB,3
46,4d7be-79631,BOOKLETB,3
47,4d7be-78658,BOOKLETB,3
48,4d7be-Redacted-AG-11.16.12B,BOOKLETB,3
49,4d7be-76063,BOOKLETB,3
50,4d7be-77814,BOOKLETB,3
51,4d7be-Redacted-CSM-11.16.12B,BOOKLETB,3
52,4d7be-78213,BOOKLETB,3
53,4d7be-77650,BOOKLETB,3
54,4d7be-77532,BOOKLETB,3
55,4d7be-75262,BOOKLETB,3
56,4d7be-Redacted-CS-11.16.12B,BOOKLETB,3
57,4d7be-52578,BOOKLETB,3
58,4d7be-78281,BOOKLETB,3
59,4d7be-78250,BOOKLETB,3
60,80aa8-69224,BOOKLETB,3
61,80aa8-79194,BOOKLETB,3
62,80aa8-80410,BOOKLETB,3
63,80aa8-80411,BOOKLETB,3
64,80aa8-78096,BOOKLETB,3
65,5df6c-78470,BOOKLETB,3
66,9b50a-76502,BOOKLETA,1
67,9b50a-75191,BOOKLETA,1
68,9b50a-74661,BOOKLETA,1
69,9b50a-53802,BOOKLETA,1
70,9b50a-75096,BOOKLETA,1
71,9b50a-76613,BOOKLETA,1
72,9b50a-75245,BOOKLETA,1
73,9b50a-72094,BOOKLETA,1
74,9b50a-68972,BOOKLETA,1
75,9b50a-74551,BOOKLETA,1
76,9b50a-70858,BOOKLETA,1
77,9b50a-74025,BOOKLETA,1
78,9b50a-55311,BOOKLETA,1
79,9b50a-75826,BOOKLETA,1
80,9b50a-73111,BOOKLETA,1
81,6678b-77637,BOOKLETB,3
82,6678b-76853,BOOKLETB,3
83,6678b-77751,BOOKLETB,3
84,6678b-80537,BOOKLETB,3
85,6678b-07576,BOOKLETB,3
86,6678b-63435,BOOKLETB,3
87,6678b-78388,BOOKLETB,3
88,6678b-78380,BOOKLETB,3
89,6678b-75288,BOOKLETB,3
90,6678b-78781,BOOKLETB,3
91,6678b-41315,BOOKLETB,3
92,6678b-76327,BOOKLETB,3
93,6678b-77577,BOOKLETB,3
94,6678b-78282,BOOKLETB,3
95,6678b-77589,BOOKLETB,3
96,6678b-75417,BOOKLETB,3
97,6678b-75211,BOOKLETB,3
98,11339-61995,BOOKLETB,3
99,11339-74679,BOOKLETB,3
100,11339-75589,BOOKLETB,3
101,01121-76893,BOOKLETB,3
102,01121-75590,BOOKLETB,3
103,01121-75426,BOOKLETB,3
104,01121-74506,BOOKLETB,3
105,01121-72950,BOOKLETB,3
106,01121-77244,BOOKLETB,3
107,01121-74945,BOOKLETB,3
108,01121-49769,BOOKLETB,3
109,01121-74745,BOOKLETB,3
110,01121-75930,BOOKLETB,3
111,01121-74741,BOOKLETB,3
112,01121-72318,BOOKLETB,3
113,01121-74652,BOOKLETB,3
114,01121-75174,BOOKLETB,3
115,01121-74133,BOOKLETB,3
116,01121-75617,BOOKLETB,3
117,20479-50312,BOOKLETA,3
118,20479-35088,BOOKLETA,3
119,20479-70510,BOOKLETA,3
120,20479-73423,BOOKLETA,3
121,20479-66051,BOOKLETA,3
122,20479-73676,BOOKLETA,3
123,d5c10-76502,BOOKLETA,3
124,d5c10-75191,BOOKLETA,3
125,d5c10-74370,BOOKLETA,3
126,d5c10-75245,BOOKLETA,3
127,d5c10-68972,BOOKLETA,3
128,d5c10-70858,BOOKLETA,3
129,d5c10-74025,BOOKLETA,3
130,d5c10-73111,BOOKLETA,3
131,d5183-74248,BOOKLETA,3
132,d5183-74059,BOOKLETA,3
133,d5183-67226,BOOKLETA,3
134,d5183-74836,BOOKLETA,3
135,d5183-70338,BOOKLETA,3
136,d5183-73791,BOOKLETA,3
137,d5183-74429,BOOKLETA,3
138,d5183-75857,BOOKLETA,3
139,d5183-74193,BOOKLETA,3
140,d5183-75925,BOOKLETA,3
141,d5183-74634,BOOKLETA,3
142,d5183-71277,BOOKLETA,3
143,d5183-76524,BOOKLETA,3
144,21ac7-74688,BOOKLETA,3
145,21ac7-27262,BOOKLETA,3
146,21ac7-75119,BOOKLETA,3
147,21ac7-75911,BOOKLETA,3
148,21ac7-74346,BOOKLETA,3
149,21ac7-62874,BOOKLETA,3
150,21ac7-74478,BOOKLETA,3
151,326d8-71453,BOOKLETA,3
152,326d8-74312,BOOKLETA,3
153,326d8-75525,BOOKLETA,3
154,326d8-71988,BOOKLETA,3
155,326d8-Redacted_04-12-12 A,BOOKLETA,3
156,326d8-74913,BOOKLETA,3
157,326d8-76726,BOOKLETA,3
158,fc15b-74672,BOOKLETB,3
159,fc15b-74248,BOOKLETB,3
160,fc15b-74059,BOOKLETB,3
161,fc15b-67226,BOOKLETB,3
162,fc15b-74836,BOOKLETB,3
163,fc15b-70338,BOOKLETB,3
164,fc15b-73791,BOOKLETB,3
165,fc15b-74429,BOOKLETB,3
166,fc15b-75857,BOOKLETB,3
167,fc15b-74340,BOOKLETB,3
168,fc15b-76557,BOOKLETB,3
169,fc15b-74193,BOOKLETB,3
170,fc15b-74634,BOOKLETB,3
171,fc15b-69826,BOOKLETB,3
172,fc15b-76123,BOOKLETB,3
173,fc15b-73717,BOOKLETB,3
174,fc15b-76524,BOOKLETB,3
175,ea193-76893,BOOKLETA,3
176,ea193-75590,BOOKLETA,3
177,ea193-75426,BOOKLETA,2
178,ea193-74506,BOOKLETA,3
179,ea193-72950,BOOKLETA,3
180,ea193-74945,BOOKLETA,3
181,ea193-74745,BOOKLETA,3
182,ea193-74741,BOOKLETA,3
183,ea193-72318,BOOKLETA,3
184,ea193-75617,BOOKLETA,3
185,7cbb2-76298,BOOKLETB,3
186,7cbb2-68528,BOOKLETB,3
187,7cbb2-68472,BOOKLETB,3
188,7cbb2-74688,BOOKLETB,3
189,7cbb2-76952,BOOKLETB,3
190,7cbb2-74943,BOOKLETB,3
191,7cbb2-68617,BOOKLETB,3
192,7cbb2-70449,BOOKLETB,3
193,7cbb2-57179,BOOKLETB,3
194,7cbb2-76805,BOOKLETB,3
195,7cbb2-73113,BOOKLETB,3
196,65a68-RD-NS134711,BOOKLETA,3
197,65a68-71482,BOOKLETA,3
198,65a68-RD-NS472011,BOOKLETA,3
199,65a68-73285,BOOKLETA,3
200,65a68-74360,BOOKLETA,3
201,65a68-73780,BOOKLETA,3
202,65a68-74180,BOOKLETA,3
203,65a68-44653,BOOKLETA,3
204,65a68-67706,BOOKLETA,3
205,65a68-71565,BOOKLETA,3
206,65a68-73401-blank score sheet,BOOKLETA,3
207,65a68-64865,BOOKLETA,3
208,65a68-68251,BOOKLETA,3
209,65a68-73677,BOOKLETA,3
210,b5b5f-77829,BOOKLETA,3
211,b5b5f-80287,BOOKLETA,3
212,b5b5f-71542,BOOKLETA,3
213,b5b5f-78819,BOOKLETA,3
214,b5b5f-74951,BOOKLETA,3
215,b5b5f-79047,BOOKLETA,3
216,b5b5f-76543,BOOKLETA,3
217,b5b5f-74369,BOOKLETA,3
218,b5b5f-80188,BOOKLETA,3
219,b5b5f-79277,BOOKLETA,3
220,b5b5f-76145,BOOKLETA,3
221,b5b5f-74804,BOOKLETA,3
222,b5b5f-67808,BOOKLETA,3
223,b5b5f-78888,BOOKLETA,3
224,b5b5f-76123,BOOKLETA,3
225,b5b5f-63869,BOOKLETA,3
226,b5b5f-79207,BOOKLETA,3
227,50984-1621,BOOKLETB,3
228,50984-4360,BOOKLETB,3
229,50984-3780,BOOKLETB,3
230,50984-1482,BOOKLETB,3
231,50984-3913,BOOKLETB,3
232,50984-3285,BOOKLETB,3
233,50984-2414,BOOKLETB,3
234,50984-4653,BOOKLETB,3
235,50984-0740,BOOKLETB,3
236,50984-8251,BOOKLETB,3
237,50984-2866-unmarked scoresheet,BOOKLETB,3
238,50984-4865,BOOKLETB,3
239,50984-3677,BOOKLETB,3
240,50984-4180,BOOKLETB,3
241,50984-7703,BOOKLETB,3
242,50984-1565,BOOKLETB,3
243,055ec-1556,BOOKLETB,3
244,055ec-0921,BOOKLETB,3
245,055ec-0979,BOOKLETB,3
246,055ec-1727,BOOKLETB,3
247,055ec-9558,BOOKLETB,3
248,055ec-1304,BOOKLETB,3
249,055ec-1172,BOOKLETB,3
250,055ec-0694,BOOKLETB,3
251,055ec-1561,BOOKLETB,3
252,055ec-1367,BOOKLETB,3
253,055ec-6397,BOOKLETB,3
254,055ec-6368,BOOKLETB,3
255,6544f-73134,BOOKLETA,3
256,6544f-70538,BOOKLETA,3
257,6544f-75506,BOOKLETA,3
258,6544f-74340,BOOKLETA,3
259,6544f-75077,BOOKLETA,3
260,6544f-74144,BOOKLETA,3
261,6544f-77880,BOOKLETA,3
262,6544f-74653,BOOKLETA,3
263,6544f-76290,BOOKLETA,3
264,6544f-50452,BOOKLETA,3
265,6544f-70590,BOOKLETA,3
266,6544f-72595,BOOKLETA,3
267,6544f-76294,BOOKLETA,3
268,6544f-75549,BOOKLETA,3
269,80e16-75119_Unmatched,BOOKLETB,1
270,80e16-67842_Unmatched,BOOKLETB,1
271,80e16-62203-68203_Fri Am Gumbs TTCT,BOOKLETB,3
272,0f3ce-65435,BOOKLETB,1
273,0f3ce-75829,BOOKLETB,1
274,0f3ce-74978,BOOKLETB,1
275,0f3ce-75911,BOOKLETB,1
276,0f3ce-73981,BOOKLETB,1
277,0f3ce-76384,BOOKLETB,1
278,0f3ce-67262,BOOKLETB,1
279,0f3ce-74346,BOOKLETB,1
280,0f3ce-62874,BOOKLETB,1
281,0f3ce-74910,BOOKLETB,1
282,d9583-66934,BOOKLETA,1
283,d9583-76259,BOOKLETA,1
284,d9583-75903,BOOKLETA,1
285,d9583-69730,BOOKLETA,1
286,d9583-75038,BOOKLETA,1
287,68332-66088_Unmatched,BOOKLETA,1
288,68332-76243_Unmatched,BOOKLETA,1
289,68332-75734_Unmatched,BOOKLETA,1
290,68332-74281_Unmatched,BOOKLETA,1
291,68332-73200_Unmatched,BOOKLETA,1
292,68332-75783_Unmatched,BOOKLETA,1
293,68332-74733_Unmatched,BOOKLETA,1
294,68332-74723_Unmatched,BOOKLETA,1
295,68332-71787_Unmatched,BOOKLETA,1
296,68332-71596_Unmatched,BOOKLETA,1
297,68332-70976_Unmatched,BOOKLETA,1
298,68332-74589_Unmatched,BOOKLETA,1
299,68332-75926_Unmatched,BOOKLETA,1
300,68332-74738_Unmatched,BOOKLETA,1
301,d5073-71584-UM,BOOKLETB,1
302,d5073-69412-UM,BOOKLETB,1
303,d5073-75497-UM,BOOKLETB,1
304,d5073-64783-UM,BOOKLETB,1
305,d5073-70689-UM,BOOKLETB,1
306,d5073-75575-UM,BOOKLETB,1
307,d5073-75048-UM,BOOKLETB,1
308,d5073-65960-UM,BOOKLETB,1
309,d5073-71565_UM,BOOKLETB,1
310,d5073-67200-UM,BOOKLETB,1
311,d5073-75422-UM,BOOKLETB,1
312,d5073-70686-UM,BOOKLETB,1
313,08d53-74881,BOOKLETA,1
314,08d53-75726,BOOKLETA,1
315,08d53-74370,BOOKLETA,1
316,08d53-74137,BOOKLETA,1
317,3ee42-71488-UM,BOOKLETA,1
318,3ee42-52578-UM,BOOKLETA,1
319,3ee42-76486-UM,BOOKLETA,1
320,3ee42-70441-UM,BOOKLETA,1
321,3ee42-74440-UM,BOOKLETA,1
322,3ee42-69371-UM,BOOKLETA,1
323,3ee42-68082-UM,BOOKLETA,1
324,3ee42-32761-UM,BOOKLETA,1
325,3ee42-75666-UM,BOOKLETA,1
326,9f143-75532_Unmatched,BOOKLETB,1
327,9f143-76345_Unmatched,BOOKLETB,1
328,9f143-74748_Unmatched,BOOKLETB,1
329,124a7-71246,BOOKLETB,1
330,124a7-69433,BOOKLETB,1
331,124a7-73534,BOOKLETB,1
332,124a7-66412,BOOKLETB,1
333,124a7-6456,BOOKLETB,1
334,124a7-71558,BOOKLETB,1
335,124a7-75925,BOOKLETB,1
336,124a7-74768,BOOKLETB,1
337,124a7-61601,BOOKLETB,1
338,124a7-75406,BOOKLETB,1
339,124a7-708985,BOOKLETB,1
340,124a7-75589,BOOKLETB,1
341,6dcd4-8956,BOOKLETA,1
342,6dcd4-2704,BOOKLETA,1
343,6dcd4-8177,BOOKLETA,1
344,6dcd4-8159,BOOKLETA,1
345,6dcd4-1354,BOOKLETA,1
346,6dcd4-7540,BOOKLETA,1
347,6dcd4-8117,BOOKLETA,1
348,6dcd4-1662,BOOKLETA,1
349,6dcd4-0753,BOOKLETA,1
350,6dcd4-7844,BOOKLETA,1
351,6dcd4-8178,BOOKLETA,1
352,ae4f2-8956,BOOKLETB,1
353,ae4f2-2704,BOOKLETB,1
354,ae4f2-1345,BOOKLETB,1
355,ae4f2-8177,BOOKLETB,1
356,ae4f2-8159,BOOKLETB,1
357,ae4f2-9287,BOOKLETB,1
358,ae4f2-1235,BOOKLETB,1
359,ae4f2-7540,BOOKLETB,1
360,ae4f2-8117,BOOKLETB,1
361,ae4f2-7183,BOOKLETB,1
362,ae4f2-8337,BOOKLETB,1
363,ae4f2-1662,BOOKLETB,1
364,ae4f2-0753,BOOKLETB,1
365,ae4f2-7885,BOOKLETB,1
366,ae4f2-6754,BOOKLETB,1
367,ae4f2-2082,BOOKLETB,1
368,ae4f2-7844,BOOKLETB,1
369,ae4f2-8178,BOOKLETB,1
370,ae4f2-8743,BOOKLETB,1
371,ae4f2-8621,BOOKLETB,1
372,6dcd4-1033,BOOKLETA,1
373,6dcd4-1636,BOOKLETA,1
374,6dcd4-9441,BOOKLETA,1
375,6dcd4-0172,BOOKLETA,1
376,6dcd4-5224,BOOKLETA,1
377,6dcd4-1322,BOOKLETA,1
378,6dcd4-8900,BOOKLETA,1
379,6dcd4-5611,BOOKLETA,1
380,6dcd4-0782,BOOKLETA,1
381,6dcd4-8292,BOOKLETA,1
382,6dcd4-1103,BOOKLETA,1
383,6dcd4-7439,BOOKLETA,1
384,6dcd4-2420,BOOKLETA,1
385,6dcd4-1603,BOOKLETA,1
386,6dcd4-2257,BOOKLETA,1
387,6dcd4-7466,BOOKLETA,1
388,6dcd4-9107,BOOKLETA,1
389,ae4f2-1033,BOOKLETB,1
390,ae4f2-1636,BOOKLETB,1
391,ae4f2-9441,BOOKLETB,1
392,ae4f2-0172,BOOKLETB,1
393,ae4f2-5224,BOOKLETB,1
394,ae4f2-1322,BOOKLETB,1
395,ae4f2-8900,BOOKLETB,1
396,ae4f2-1925,BOOKLETB,1
397,ae4f2-5611,BOOKLETB,1
398,ae4f2-0782,BOOKLETB,1
399,ae4f2-8292,BOOKLETB,1
400,ae4f2-1103,BOOKLETB,1
401,ae4f2-7439,BOOKLETB,1
402,ae4f2-2420,BOOKLETB,1
403,ae4f2-7851,BOOKLETB,1
404,ae4f2-1603,BOOKLETB,1
405,ae4f2-2257,BOOKLETB,1
406,ae4f2-7466,BOOKLETB,1
407,ae4f2-9107,BOOKLETB,1
408,b560a-74943_Unmatched,BOOKLETA,1
409,b560a-76805_Unmatched,BOOKLETA,1
410,b560a-77250_Unmatched,BOOKLETA,1
411,b560a-76952_Unmatched,BOOKLETA,1
412,b560a-73113_Unmatched,BOOKLETA,1
413,b560a-68617_Unmatched,BOOKLETA,1
414,b560a-70449_Unmatched,BOOKLETA,1
415,b560a-68528_Unmatched,BOOKLETA,1
416,67682-74317,BOOKLETB,1
417,67682-74664,BOOKLETB,1
418,67682-76895,BOOKLETB,1
419,67682-73331,BOOKLETB,1
420,67682-74311,BOOKLETB,1
421,67682-72978,BOOKLETB,1
422,67682-76049,BOOKLETB,1
423,67682-75453,BOOKLETB,1
424,67682-71024,BOOKLETB,1
425,67682-66158,BOOKLETB,1
426,67682-74221,BOOKLETB,1
427,67682-71559,BOOKLETB,1
428,67682-74915,BOOKLETB,1
429,67682-66091,BOOKLETB,1
430,67682-74052,BOOKLETB,1
431,67682-77017,BOOKLETB,1
432,67682-75830,BOOKLETB,1
433,bcb6d-74317,BOOKLETA,1
434,bcb6d-76895,BOOKLETA,1
435,bcb6d-73331,BOOKLETA,1
436,bcb6d-74311,BOOKLETA,1
437,bcb6d-72978,BOOKLETA,1
438,bcb6d-76049,BOOKLETA,1
439,bcb6d-71024,BOOKLETA,1
440,bcb6d-66158,BOOKLETA,1
441,bcb6d-74221,BOOKLETA,1
442,bcb6d-69886,BOOKLETA,1
443,bcb6d-71559,BOOKLETA,1
444,bcb6d-66091,BOOKLETA,1
445,bcb6d-74668,BOOKLETA,1
446,bcb6d-74052,BOOKLETA,1
447,bcb6d-77017,BOOKLETA,1
448,bcb6d-75830,BOOKLETA,1
449,06d28-73874,BOOKLETB,1
450,06d28-76472,BOOKLETB,1
451,06d28-76935,BOOKLETB,1
452,06d28-74844,BOOKLETB,1
453,06d28-76574,BOOKLETB,1
454,06d28-34179,BOOKLETB,1
455,06d28-75440,BOOKLETB,1
456,06d28-75133,BOOKLETB,1
457,06d28-74020,BOOKLETB,1
458,3b845-0312,BOOKLETB,3
459,3b845-9055,BOOKLETB,3
460,3b845-6799,BOOKLETB,3
461,3b845-0510,BOOKLETB,3
462,3b845-3423,BOOKLETB,3
463,3b845-k118,BOOKLETB,3
464,3b845-5383,BOOKLETB,3
465,3b845-1724,BOOKLETB,3
466,3b845-7801,BOOKLETB,3
467,3b845-6051,BOOKLETB,3
468,3b845-3676,BOOKLETB,3
469,3b845-1629,BOOKLETB,3
470,3b845-5088,BOOKLETB,3
471,3b845-3834,BOOKLETB,3
472,e576a-74909,BOOKLETB,3
473,e576a-73322,BOOKLETB,3
474,e576a-63183,BOOKLETB,3
475,e576a-62274,BOOKLETB,3
476,e576a-71208,BOOKLETB,3
477,e576a-74433,BOOKLETB,3
478,e576a-74592,BOOKLETB,3
479,e576a-62203-68203,BOOKLETB,3
480,e576a-75072,BOOKLETB,3
481,e576a-66083,BOOKLETB,3
482,e576a-72633,BOOKLETB,3
483,e576a-71510,BOOKLETB,3
484,e576a-70223,BOOKLETB,3
485,c433b-73874,BOOKLETA,3
486,c433b-76472,BOOKLETA,3
487,c433b-75435,BOOKLETA,3
488,c433b-74844,BOOKLETA,3
489,c433b-76574,BOOKLETA,3
490,c433b-34179,BOOKLETA,3
491,c433b-75440,BOOKLETA,3
492,499e0-079811,BOOKLETB,3
493,499e0-71369,BOOKLETB,3
494,499e0-75689,BOOKLETB,3
495,499e0-78555,BOOKLETB,3
496,499e0-78780,BOOKLETB,3
497,499e0-75273,BOOKLETB,3
498,499e0-080111,BOOKLETB,3
499,499e0-64533,BOOKLETB,3
500,499e0-71277,BOOKLETB,3
501,ce6fd-67081,BOOKLETA,3
502,ce6fd-54313,BOOKLETA,3
503,ce6fd-16460,BOOKLETA,3
504,ce6fd-49588,BOOKLETA,3
505,ce6fd-78295,BOOKLETA,3
506,ce6fd-78726,BOOKLETA,3
507,ce6fd-14011,BOOKLETA,3
508,ce6fd-77207,BOOKLETA,3
509,ce6fd-77978,BOOKLETA,3
510,ce6fd-74872,BOOKLETA,3
511,ce6fd-75760,BOOKLETA,3
512,ce6fd-78483,BOOKLETA,3
513,ce6fd-78864,BOOKLETA,3
514,3d919-66985,BOOKLETA,3
515,3d919-61995,BOOKLETA,3
516,3d919-78031,BOOKLETA,3
517,3d919-75589,BOOKLETA,3
518,30e2f-62407,BOOKLETB,3
519,30e2f-74411,BOOKLETB,3
520,30e2f-74171,BOOKLETB,3
521,30e2f-76767,BOOKLETB,3
522,30e2f-71234,BOOKLETB,3
523,30e2f-74432,BOOKLETB,3
524,30e2f-71749,BOOKLETB,3
525,30e2f-76346,BOOKLETB,3
526,30e2f-76948,BOOKLETB,3
527,30e2f-76440,BOOKLETB,3
528,30e2f-66530,BOOKLETB,3
529,30e2f-75615,BOOKLETB,3
530,30e2f-76888,BOOKLETB,3
531,30e2f-75788,BOOKLETB,3
532,214b9-75037,BOOKLETA,3
533,214b9-65960,BOOKLETA,3
534,214b9-75900,BOOKLETA,3
535,214b9-75497,BOOKLETA,3
536,214b9-71584,BOOKLETA,3
537,214b9-71565,BOOKLETA,3
538,214b9-75575-Score Sheet-NO ID,BOOKLETA,3
539,214b9-75098,BOOKLETA,3
540,214b9-70686,BOOKLETA,3
541,214b9-72632,BOOKLETA,3
542,214b9-67200,BOOKLETA,3
543,9cf64-75197,BOOKLETA,3
544,9cf64-79631,BOOKLETA,3
545,9cf64-76063,BOOKLETA,3
546,9cf64-77814,BOOKLETA,3
547,9cf64-78607,BOOKLETA,3
548,9cf64-78388,BOOKLETA,3
549,9cf64-78213,BOOKLETA,3
550,9cf64-77650,BOOKLETA,3
551,9cf64-77532,BOOKLETA,3
552,9cf64-75262,BOOKLETA,3
553,9cf64-52578,BOOKLETA,3
554,9cf64-76418,BOOKLETA,3
555,9cf64-79099,BOOKLETA,3
556,9cf64-78281,BOOKLETA,3
557,9cf64-78250,BOOKLETA,3
558,2953c-71246,BOOKLETA,3
559,2953c-72558,BOOKLETA,3
560,2953c-69812,BOOKLETA,3
561,2953c-71495,BOOKLETA,3
562,2953c-71581,BOOKLETA,3
563,2953c-72841,BOOKLETA,3
564,2953c-71792,BOOKLETA,3
565,2953c-68225,BOOKLETA,3
566,2953c-0218,BOOKLETA,3
567,2953c-71101,BOOKLETA,3
568,a6a3a-RD-NP1911,BOOKLETB,3
569,a6a3a-0465,BOOKLETB,3
570,a6a3a-2516,BOOKLETB,3
571,a6a3a-0371,BOOKLETB,3
572,a6a3a-9636,BOOKLETB,3
573,a6a3a-2183,BOOKLETB,3
574,a6a3a-8295,BOOKLETB,3
575,a6a3a-2792,BOOKLETB,3
576,a6a3a-3313,BOOKLETB,3
577,a6a3a-RD-NP171411,BOOKLETB,3
578,a6a3a-1600,BOOKLETB,3
579,a6a3a-3401,BOOKLETB,3
580,a6a3a-1607,BOOKLETB,3
581,e49cb-73133,BOOKLETB,3
582,e49cb-74271,,3
583,e49cb-71596,BOOKLETB,3
584,e49cb-70441,BOOKLETB,3
585,e49cb-75666,BOOKLETB,3
586,e49cb-52578,BOOKLETB,3
587,e49cb-75926,BOOKLETB,3
588,e49cb-69371,BOOKLETB,3
589,e49cb-71488,BOOKLETB,3
590,e49cb-32761,BOOKLETB,3
591,e49cb-71316,BOOKLETB,3
592,e49cb-76486,BOOKLETB,3
593,e49cb-74440,BOOKLETB,3
594,e49cb-68082,BOOKLETB,3
595,8e820-75623,BOOKLETA,3
596,8e820-67145,BOOKLETA,3
597,8e820-75068,BOOKLETA,3
598,8e820-65849,BOOKLETA,3
599,8e820-74156,BOOKLETA,3
600,8e820-67844,BOOKLETA,3
601,8e820-76332,BOOKLETA,3
602,8e820-75563,BOOKLETA,3
603,cc508-75269,BOOKLETA,3
604,cc508-76542,BOOKLETA,3
605,cc508-78319,BOOKLETA,3
606,a718a-78470,BOOKLETA,3
607,a718a-71682,BOOKLETA,3
608,a718a-73697,BOOKLETA,3
609,a718a-79811,BOOKLETA,3
610,a718a-71369,BOOKLETA,3
611,a718a-78380,BOOKLETA,3
612,a718a-75689,BOOKLETA,3
613,a718a-72441,BOOKLETA,3
614,a718a-78555,BOOKLETA,3
615,a718a-75273,BOOKLETA,3
616,a718a-41315,BOOKLETA,3
617,a718a-77577,BOOKLETA,3
618,a718a-64533,BOOKLETA,3
619,a718a-71277,BOOKLETA,3
620,4ecff-73297,BOOKLETB,3
621,4ecff-79033,BOOKLETB,3
622,4ecff-73737,BOOKLETB,3
623,4ecff-67081,BOOKLETB,3
624,4ecff-70689,BOOKLETB,3
625,4ecff-72516,BOOKLETB,3
626,4ecff-70737,BOOKLETB,3
627,4ecff-76355,BOOKLETB,3
628,4ecff-77978,BOOKLETB,3
629,4ecff-66910,BOOKLETB,3
630,4ecff-73110,BOOKLETB,3
631,406e2-67801,BOOKLETA,3
632,406e2-71650,BOOKLETA,3
633,406e2-71596,BOOKLETA,3
634,406e2-19836,BOOKLETA,3
635,406e2-71944,BOOKLETA,3
636,406e2-71945,BOOKLETA,3
637,406e2-70547,BOOKLETA,3
638,beb93-69420,BOOKLETB,3
639,beb93-66985,BOOKLETB,3
640,beb93-78031,BOOKLETB,3
641,beb93-76140,BOOKLETB,3
642,beb93-68319,BOOKLETB,3
643,dbfa7-73294,BOOKLETA,3
644,dbfa7-77966,BOOKLETA,3
645,dbfa7-69221,BOOKLETA,3
646,dbfa7-77803,BOOKLETA,3
647,dbfa7-80132,BOOKLETA,3
648,dbfa7-78460,BOOKLETA,3
649,dbfa7-79095,BOOKLETA,3
650,dbfa7-79083,BOOKLETA,3
651,dbfa7-80025,BOOKLETA,3
652,dbfa7-78234,BOOKLETA,3
653,dbfa7-79307,BOOKLETA,3
654,dbfa7-78393,BOOKLETA,3
655,dbfa7-78120,BOOKLETA,3
656,dbfa7-78523,BOOKLETA,3
657,dbfa7-77942,BOOKLETA,3
658,dbfa7-08011,BOOKLETA,3
659,dbfa7-67159,BOOKLETA,3
660,b02df-RD-NS134711,BOOKLETA,3
661,b02df-RD-NP1911,BOOKLETB,3
662,b02df-Redacted-AG-11.16.12B,BOOKLETB,3
663,b02df-RD-NS472011,BOOKLETA,3
664,b02df-Redacted-CSM-11.16.12B,BOOKLETB,3
665,b02df-RD-NP-11611,BOOKLETB,3
666,b02df-Redacted-CS-11.16.12B,BOOKLETB,3
667,b02df-RD-NP171411,BOOKLETB,3
668,bb3e3-RD-AM-4811,BOOKLETA,3
669,bb3e3-RD-AR-4811,BOOKLETA,3
670,bb3e3-RD-SL-4811,BOOKLETA,3
671,bb3e3-RD-FM-4811,BOOKLETA,3
672,bb3e3-RD-KW-4811,BOOKLETA,3
673,82527-RD-SG-4711,BOOKLETA,3
674,b238c-77637,BOOKLETA,3
675,b238c-80492,BOOKLETA,3
676,b238c-70576,BOOKLETA,3
677,b238c-77751,BOOKLETA,3
678,b238c-80537,BOOKLETA,3
679,b238c-77873,BOOKLETA,3
680,b238c-66404,BOOKLETA,3
681,b238c-63435,BOOKLETA,3
682,b238c-75288,BOOKLETA,3
683,b238c-78781,BOOKLETA,3
684,b238c-77060,BOOKLETA,3
685,b238c-76327,BOOKLETA,3
686,b238c-78282,BOOKLETA,3
687,b238c-77589,BOOKLETA,3
688,b238c-75417,BOOKLETA,3
689,b238c-75211,BOOKLETA,3
690,a5ad6-73134,BOOKLETB,3
691,a5ad6-74312,BOOKLETB,3
692,a5ad6-74372,BOOKLETB,3
693,a5ad6-70538,BOOKLETB,3
694,a5ad6-75506,BOOKLETB,3
695,a5ad6-74340,BOOKLETB,3
696,a5ad6-75077,BOOKLETB,3
697,a5ad6-74144,BOOKLETB,3
698,a5ad6-77880,BOOKLETB,3
699,a5ad6-74653,BOOKLETB,3
700,a5ad6-76290,BOOKLETB,3
701,a5ad6-50452,BOOKLETB,3
702,a5ad6-70590,BOOKLETB,3
703,a5ad6-66251,BOOKLETB,3
704,a5ad6-72595,BOOKLETB,3
705,a5ad6-76294,BOOKLETB,3
706,a5ad6-75549,BOOKLETB,3
707,fd6d5-RD-AM-4811,BOOKLETA,3
708,fd6d5-RD-AR-4811,BOOKLETA,3
709,fd6d5-RD-SL-4811,BOOKLETA,3
710,fd6d5-RD-FM-4811,BOOKLETA,3
711,fd6d5-71624,BOOKLETA,3
712,fd6d5-73152,BOOKLETA,3
713,fd6d5-RD-KW-4811,BOOKLETA,3
714,4f5cb-75578,BOOKLETA,3
715,4f5cb-74883,BOOKLETA,3
716,4f5cb-77755,BOOKLETA,3
717,4f5cb-75231,BOOKLETA,3
718,4f5cb-74662,BOOKLETA,3
719,4f5cb-71595,BOOKLETA,3
720,4f5cb-76184,BOOKLETA,3
721,4f5cb-74570_M,BOOKLETA,1
722,4f5cb-74593,BOOKLETA,3
723,4f5cb-75307,BOOKLETA,3
724,4f5cb-75884,BOOKLETA,3
725,4f5cb-76904,BOOKLETA,3
726,4f5cb-77565,BOOKLETA,3
727,dee97-71246,BOOKLETA,3
728,dee97-76285 M,BOOKLETA,3
729,dee97-7534,BOOKLETA,3
730,dee97-73321,BOOKLETA,3
731,dee97-74015 M,BOOKLETA,3
732,dee97-75119_Unmatched,BOOKLETB,1
733,dee97-67842_Unmatched,BOOKLETB,1
734,dee97-69412 M,BOOKLETA,3
735,dee97-61628,BOOKLETA,3
736,dee97-51927,BOOKLETA,3
737,dee97-64546,BOOKLETA,3
738,dee97-61601 M,BOOKLETA,3
739,dee97-74768,BOOKLETA,3
740,dee97-71558 M,BOOKLETA,3
741,dee97-69433 M,BOOKLETA,3
742,dee97-76132,BOOKLETA,3
743,f520c-73294,BOOKLETB,3
744,f520c-77966,BOOKLETB,3
745,f520c-69221,BOOKLETB,3
746,f520c-77803,BOOKLETB,3
747,f520c-80132,BOOKLETB,3
748,f520c-78460,BOOKLETB,3
749,f520c-79095,BOOKLETB,3
750,f520c-78234,BOOKLETB,3
751,f520c-79307,BOOKLETB,3
752,f520c-80011,BOOKLETB,3
753,f520c-78393,BOOKLETB,3
754,f520c-78523,BOOKLETB,3
755,f520c-77942,BOOKLETB,3
756,f520c-RD-19111512,BOOKLETB,3
757,f520c-67159,BOOKLETB,3
758,c6e72-74881,BOOKLETA,3
759,c6e72-75726,BOOKLETA,3
760,c6e72-74748,BOOKLETA,3
761,c6e72-74137,BOOKLETA,3
762,39dc2-73297,BOOKLETA,3
763,39dc2-78658,BOOKLETA,3
764,39dc2-73737,BOOKLETA,3
765,39dc2-70689,BOOKLETA,3
766,39dc2-72516,BOOKLETA,3
767,39dc2-80015,BOOKLETA,3
768,39dc2-70737,BOOKLETA,3
769,39dc2-76355,BOOKLETA,3
770,39dc2-75204,BOOKLETA,3
771,39dc2-66910,BOOKLETA,3
772,39dc2-73110,BOOKLETA,3
773,9508e-63939,BOOKLETA,3
774,9508e-72771,BOOKLETA,3
775,9508e-67218,BOOKLETA,3
776,9508e-67863,BOOKLETA,3
777,9508e-71576,BOOKLETA,3
778,9508e-71601,BOOKLETA,3
779,9508e-73129,BOOKLETA,3
780,9508e-1438,BOOKLETA,3
781,9508e-68724,BOOKLETA,3
782,9508e-47261,BOOKLETA,3
783,6a8fe-1225,BOOKLETB,3
784,6a8fe-3380,BOOKLETB,3
785,6a8fe-7290,BOOKLETB,3
786,6a8fe-0500,BOOKLETB,3
787,6a8fe-9656,BOOKLETB,3
788,6a8fe-0993,BOOKLETB,3
789,6a8fe-0830,BOOKLETB,3
790,6a8fe-1938,BOOKLETB,3
791,6a8fe-1293,BOOKLETB,3
792,6a8fe-2166,BOOKLETB,3
793,6a8fe-0773,BOOKLETB,3
794,6a8fe-0772,BOOKLETB,3
795,6a8fe-2597,BOOKLETB,3
796,6a8fe-7289,BOOKLETB,3
797,6a8fe-0647,BOOKLETB,3
798,16713-66934,BOOKLETB,3
799,16713-68310,BOOKLETB,3
800,16713-76259,BOOKLETB,3
801,16713-75903,BOOKLETB,3
802,16713-51096,BOOKLETB,3
803,16713-73627,BOOKLETB,3
804,16713-69730,BOOKLETB,3
805,16713-74929,BOOKLETB,3
806,16713-75038,BOOKLETB,3
807,94fd1-70979,BOOKLETA,3
808,94fd1-71727,BOOKLETA,3
809,94fd1-71556,BOOKLETA,3
810,94fd1-70921,BOOKLETA,3
811,94fd1-71172,BOOKLETA,3
812,94fd1-71367,BOOKLETA,3
813,94fd1-71561,BOOKLETA,3
814,94fd1-70694,BOOKLETA,3
815,94fd1-66368_UM,BOOKLETA,1
816,94fd1-71607,BOOKLETA,3
817,94fd1-71304,BOOKLETA,3
818,94fd1-55311,BOOKLETA,3
819,94fd1-09558_UM,BOOKLETA,1
820,781e5-79194,BOOKLETA,3
821,781e5-69225,BOOKLETA,3
822,781e5-74809,BOOKLETA,3
823,781e5-80410,BOOKLETA,3
824,781e5-79472,BOOKLETA,3
825,781e5-80411,BOOKLETA,3
826,781e5-78096,BOOKLETA,3
827,781e5-77429,BOOKLETA,3
828,781e5-74910,BOOKLETA,3
829,f43c7-53433,BOOKLETB,3
830,f43c7-77829,BOOKLETB,3
831,f43c7-80287,BOOKLETB,3
832,f43c7-71542,BOOKLETB,3
833,f43c7-78819,BOOKLETB,3
834,f43c7-74951,BOOKLETB,3
835,f43c7-79047,BOOKLETB,3
836,f43c7-76543,BOOKLETB,3
837,f43c7-74369,BOOKLETB,3
838,f43c7-80188,BOOKLETB,3
839,f43c7-79277,BOOKLETB,3
840,f43c7-74804,BOOKLETB,3
841,f43c7-67808,BOOKLETB,3
842,f43c7-78888,BOOKLETB,3
843,f43c7-NONAME,BOOKLETB,3
844,f43c7-63869,BOOKLETB,3
845,f43c7-79207,BOOKLETB,3
846,d8053-9654,BOOKLETB,3
847,d8053-7218,BOOKLETB,3
848,d8053-2771,BOOKLETB,3
849,d8053-2416,BOOKLETB,3
850,d8053-3939,BOOKLETB,3
851,d8053-6128,BOOKLETB,3
852,d8053-RD-NP-11611,BOOKLETB,3
853,d8053-8724,BOOKLETB,3
854,d8053-8246,BOOKLETB,3
855,d8053-1601,BOOKLETB,3
856,d8053-5879,BOOKLETB,3
857,d8053-7261,BOOKLETB,3
858,6771d-71866,BOOKLETA,3
859,6771d-43733,BOOKLETA,3
860,6771d-68639,BOOKLETA,3
861,6771d-78383,BOOKLETA,3
862,6771d-71614,BOOKLETA,3
863,6771d-70668,BOOKLETA,3
864,6771d-74433,BOOKLETA,3
865,6771d-74551,BOOKLETA,3
866,6771d-74742,BOOKLETA,3
867,6771d-77499,BOOKLETA,3
868,6771d-68091,BOOKLETA,3
869,21e0e-74411,BOOKLETA,3
870,21e0e-76767,BOOKLETA,3
871,21e0e-71234,BOOKLETA,3
872,21e0e-74432,BOOKLETA,3
873,21e0e-76346,BOOKLETA,3
874,21e0e-76948,BOOKLETA,3
875,21e0e-76440,BOOKLETA,3
876,21e0e-66530,BOOKLETA,3
877,21e0e-75615,BOOKLETA,3
878,21e0e-76485,BOOKLETA,3
879,21e0e-76888,BOOKLETA,3
880,a2181-66368,,3
881,a2181-66368_UM_TTCT Post ASS SS2011 EoL2,BOOKLETA,1
882,99a7c-74570,,3
883,99a7c-74570_UM,BOOKLETA,1
884,4c2f9-09558,,3
885,4c2f9-09558_UM_TTCT Post ASS SS2011 EoL2,BOOKLETA,1
